niveau;continent;norme_iso_3166;nationalite;refugie;protection_subsidiaire;rejet;cloture;taux_admission;annee;sexe
Nationalite;AFRIQUE;AGO;Angola;64;22;1093;8;0,073;2020;global
Nationalite;AFRIQUE;BDI;Burundi;189;1;233;1;0,449;2020;global
Nationalite;AFRIQUE;BEN;Benin;19;8;76;3;0,262;2020;global
Nationalite;AFRIQUE;BFA;Burkina Faso;38;4;127;4;0,249;2020;global
Nationalite;AFRIQUE;CAF;Centrafrique;151;40;236;8;0,447;2020;global
Nationalite;AFRIQUE;CIV;Cote d'Ivoire;932;139;3765;51;0,221;2020;global
Nationalite;AFRIQUE;CMR;Cameroun;176;47;699;20;0,242;2020;global
Nationalite;AFRIQUE;COD;Rep. Dem. Congo;635;82;2291;21;0,238;2020;global
Nationalite;AFRIQUE;COG;Congo;85;29;600;15;0,16;2020;global
Nationalite;AFRIQUE;COM;Comores;89;9;946;42;0,094;2020;global
Nationalite;AFRIQUE;DJI;Djibouti;6;1;36;1;0,163;2020;global
Nationalite;AFRIQUE;DZA;Algerie;101;47;1836;102;0,075;2020;global
Nationalite;AFRIQUE;EGY;Egypte;28;2;221;12;0,12;2020;global
Nationalite;AFRIQUE;ERI;Erythree;854;1;263;8;0,765;2020;global
Nationalite;AFRIQUE;ETH;Ethiopie;143;6;235;6;0,388;2020;global
Nationalite;AFRIQUE;GAB;Gabon;16;12;121;18;0,188;2020;global
Nationalite;AFRIQUE;GIN;Guinee;1295;111;4598;25;0,234;2020;global
Nationalite;AFRIQUE;GMB;Gambie;24;3;155;2;0,148;2020;global
Nationalite;AFRIQUE;LBY;Libye;64;76;172;7;0,449;2020;global
Nationalite;AFRIQUE;MAR;Maroc;86;19;440;28;0,193;2020;global
Nationalite;AFRIQUE;MDG;Madagascar;5;5;62;8;0,139;2020;global
Nationalite;AFRIQUE;MLI;Mali;309;59;1878;55;0,164;2020;global
Nationalite;AFRIQUE;MRT;Mauritanie;161;1;938;18;0,147;2020;global
Nationalite;AFRIQUE;NGA;Nigeria;106;12;2814;30;0,04;2020;global
Nationalite;AFRIQUE;RWA;Rwanda;119;1;135;5;0,471;2020;global
Nationalite;AFRIQUE;SDN;Soudan;944;60;737;20;0,577;2020;global
Nationalite;AFRIQUE;SEN;Senegal;212;18;1453;18;0,137;2020;global
Nationalite;AFRIQUE;SLE;Sierra Leone;30;0;113;2;0,21;2020;global
Nationalite;AFRIQUE;SOM;Somalie;203;248;1080;12;0,295;2020;global
Nationalite;AFRIQUE;SSD;Soudan du Sud;44;4;9;0;0,842;2020;global
Nationalite;AFRIQUE;TCD;Tchad;69;11;364;14;0,18;2020;global
Nationalite;AFRIQUE;TGO;Togo;23;1;86;2;0,218;2020;global
Nationalite;AFRIQUE;TUN;Tunisie;25;5;308;15;0,089;2020;global
Nationalite;AMERIQUES;COL;Colombie;22;22;262;23;0,144;2020;global
Nationalite;AMERIQUES;CUB;Cuba;30;1;237;1;0,116;2020;global
Nationalite;AMERIQUES;HND;Honduras;1;1;16;0;0,111;2020;global
Nationalite;AMERIQUES;HTI;Haiti;177;156;2949;61;0,101;2020;global
Nationalite;AMERIQUES;PER;Perou;3;8;49;1;0,183;2020;global
Nationalite;AMERIQUES;SLV;Salvador;2;2;15;1;0,211;2020;global
Nationalite;AMERIQUES;VEN;Venezuela;186;33;255;18;0,462;2020;global
Nationalite;ASIE;AFG;Afghanistan;526;4286;2632;93;0,646;2020;global
Nationalite;ASIE;BGD;Bangladesh;224;50;4606;43;0,056;2020;global
Nationalite;ASIE;CHN;Chine;1501;3;499;2;0,751;2020;global
Nationalite;ASIE;IND;Inde;8;1;267;7;0,033;2020;global
Nationalite;ASIE;IRN;Iran;90;1;211;6;0,301;2020;global
Nationalite;ASIE;IRQ;Irak;257;64;407;28;0,441;2020;global
Nationalite;ASIE;KAZ;Kazakhstan;9;5;356;13;0,038;2020;global
Nationalite;ASIE;KWT;Koweit;41;0;221;14;0,156;2020;global
Nationalite;ASIE;LBN;Liban;10;2;104;3;0,103;2020;global
Nationalite;ASIE;LKA;Sri Lanka;180;36;1338;20;0,139;2020;global
Nationalite;ASIE;MNG;Mongolie;11;12;125;8;0,155;2020;global
Nationalite;ASIE;PAK;Pakistan;73;26;2742;44;0,035;2020;global
Nationalite;ASIE;PSE;Palestine (autorite);121;6;58;2;0,686;2020;global
Nationalite;ASIE;SAU;Arabie saoudite;14;0;8;2;0,636;2020;global
Nationalite;ASIE;SYR;Syrie;730;1686;669;44;0,783;2020;global
Nationalite;ASIE;YEM;Yemen;31;30;63;0;0,492;2020;global
Nationalite;EUROPE;ALB;Albanie;65;239;3847;191;0,073;2020;global
Nationalite;EUROPE;ARM;Armenie;36;60;1766;16;0,052;2020;global
Nationalite;EUROPE;AZE;Azerbaidjan;43;1;452;10;0,089;2020;global
Nationalite;EUROPE;BIH;Bosnie-Herzegovine;12;6;775;51;0,023;2020;global
Nationalite;EUROPE;BLR;Bielorussie;8;0;43;6;0,157;2020;global
Nationalite;EUROPE;GEO;Georgie;58;82;3106;76;0,043;2020;global
Nationalite;EUROPE;MKD;Macedoine du Nord (Rep.);1;1;536;86;0,004;2020;global
Nationalite;EUROPE;RUS;Russie;314;69;1870;70;0,17;2020;global
Nationalite;EUROPE;SRB;Serbie;28;16;1185;107;0,036;2020;global
Nationalite;EUROPE;TUR;Turquie;376;14;2142;33;0,154;2020;global
Nationalite;EUROPE;UKR;Ukraine;40;39;993;72;0,074;2020;global
Nationalite;EUROPE;XXK;Kosovo;53;69;1326;64;0,084;2020;global
Nationalite;AFRIQUE;AGO;Angola;90;66;1675;4;0,085;2021;global
Nationalite;AFRIQUE;BDI;Burundi;169;3;348;4;0,331;2021;global
Nationalite;AFRIQUE;BEN;Benin;13;6;100;6;0,16;2021;global
Nationalite;AFRIQUE;BFA;Burkina Faso;52;16;211;6;0,244;2021;global
Nationalite;AFRIQUE;CAF;Centrafrique;284;53;304;8;0,526;2021;global
Nationalite;AFRIQUE;CIV;Cote d'Ivoire;1762;158;5948;48;0,244;2021;global
Nationalite;AFRIQUE;CMR;Cameroun;142;61;705;25;0,224;2021;global
Nationalite;AFRIQUE;COD;Rep. Dem. Congo;1228;181;4473;16;0,24;2021;global
Nationalite;AFRIQUE;COG;Congo;128;17;762;17;0,16;2021;global
Nationalite;AFRIQUE;COM;Comores;169;30;3873;21;0,049;2021;global
Nationalite;AFRIQUE;DJI;Djibouti;47;5;85;9;0,38;2021;global
Nationalite;AFRIQUE;DZA;Algerie;81;59;1850;19;0,07;2021;global
Nationalite;AFRIQUE;EGY;Egypte;74;7;583;11;0,122;2021;global
Nationalite;AFRIQUE;ERI;Erythree;1780;2;763;5;0,7;2021;global
Nationalite;AFRIQUE;ESH;Sahara occ. (origine);36;5;492;1;0,077;2021;global
Nationalite;AFRIQUE;ETH;Ethiopie;279;22;681;12;0,307;2021;global
Nationalite;AFRIQUE;GAB;Gabon;28;7;272;24;0,114;2021;global
Nationalite;AFRIQUE;GIN;Guinee;2189;144;5823;25;0,286;2021;global
Nationalite;AFRIQUE;GMB;Gambie;53;12;484;6;0,118;2021;global
Nationalite;AFRIQUE;GNB;Guinee-Bissau;17;5;100;0;0,18;2021;global
Nationalite;AFRIQUE;GNQ;Guinee equatoriale;6;8;7;0;0,667;2021;global
Nationalite;AFRIQUE;KEN;Kenya;8;4;24;1;0,333;2021;global
Nationalite;AFRIQUE;LBY;Libye;104;86;225;10;0,458;2021;global
Nationalite;AFRIQUE;MAR;Maroc;111;33;561;11;0,204;2021;global
Nationalite;AFRIQUE;MDG;Madagascar;17;10;302;2;0,082;2021;global
Nationalite;AFRIQUE;MLI;Mali;478;57;2270;26;0,191;2021;global
Nationalite;AFRIQUE;MRT;Mauritanie;326;11;1625;7;0,172;2021;global
Nationalite;AFRIQUE;NGA;Nigeria;259;22;6870;31;0,039;2021;global
Nationalite;AFRIQUE;RWA;Rwanda;137;2;232;4;0,375;2021;global
Nationalite;AFRIQUE;SDN;Soudan;968;155;1399;34;0,445;2021;global
Nationalite;AFRIQUE;SEN;Senegal;245;22;1689;19;0,137;2021;global
Nationalite;AFRIQUE;SLE;Sierra Leone;89;13;268;3;0,276;2021;global
Nationalite;AFRIQUE;SOM;Somalie;449;806;2582;10;0,327;2021;global
Nationalite;AFRIQUE;SSD;Soudan du Sud;41;9;11;0;0,82;2021;global
Nationalite;AFRIQUE;TCD;Tchad;162;19;1262;31;0,125;2021;global
Nationalite;AFRIQUE;TGO;Togo;19;3;129;4;0,146;2021;global
Nationalite;AFRIQUE;TUN;Tunisie;31;8;326;2;0,107;2021;global
Nationalite;AFRIQUE;TZA;Tanzanie;10;0;15;0;0,4;2021;global
Nationalite;AFRIQUE;UGA;Ouganda;16;0;29;1;0,356;2021;global
Nationalite;AFRIQUE;ZAF;Afrique du Sud;46;1;26;0;0,644;2021;global
Nationalite;AMERIQUES;COL;Colombie;51;64;735;3;0,135;2021;global
Nationalite;AMERIQUES;CUB;Cuba;44;1;196;1;0,187;2021;global
Nationalite;AMERIQUES;DOM;Dominicaine (Rep.);7;16;105;0;0,18;2021;global
Nationalite;AMERIQUES;HTI;Haiti;350;358;3594;6;0,165;2021;global
Nationalite;AMERIQUES;NIC;Nicaragua;17;0;36;2;0,321;2021;global
Nationalite;AMERIQUES;PER;Perou;13;20;151;2;0,179;2021;global
Nationalite;AMERIQUES;SLV;Salvador;4;6;13;0;0,435;2021;global
Nationalite;AMERIQUES;VEN;Venezuela;191;58;510;8;0,328;2021;global
Nationalite;ASIE;AFG;Afghanistan;4611;7625;4108;73;0,749;2021;global
Nationalite;ASIE;BGD;Bangladesh;324;100;7807;7;0,052;2021;global
Nationalite;ASIE;CHN;Chine;623;2;118;4;0,841;2021;global
Nationalite;ASIE;IND;Inde;7;4;388;6;0,028;2021;global
Nationalite;ASIE;IRN;Iran;138;6;296;10;0,327;2021;global
Nationalite;ASIE;IRQ;Irak;279;133;582;11;0,414;2021;global
Nationalite;ASIE;KAZ;Kazakhstan;17;6;126;1;0,154;2021;global
Nationalite;ASIE;KGZ;Kirghizstan;5;7;92;0;0,115;2021;global
Nationalite;ASIE;KWT;Koweit;58;0;282;44;0,171;2021;global
Nationalite;ASIE;LBN;Liban;28;17;183;16;0,197;2021;global
Nationalite;ASIE;LKA;Sri Lanka;285;52;2557;9;0,116;2021;global
Nationalite;ASIE;MNG;Mongolie;18;12;242;0;0,11;2021;global
Nationalite;ASIE;NPL;Nepal;6;3;109;1;0,076;2021;global
Nationalite;ASIE;PAK;Pakistan;171;55;4370;20;0,049;2021;global
Nationalite;ASIE;PSE;Palestine (autorite);76;3;82;1;0,491;2021;global
Nationalite;ASIE;SYR;Syrie;1088;1864;697;11;0,809;2021;global
Nationalite;ASIE;TJK;Tadjikistan;6;0;57;0;0,095;2021;global
Nationalite;ASIE;YEM;Yemen;50;101;95;0;0,614;2021;global
Nationalite;EUROPE;ALB;Albanie;74;288;3141;81;0,103;2021;global
Nationalite;EUROPE;ARM;Armenie;16;24;1100;6;0,035;2021;global
Nationalite;EUROPE;AZE;Azerbaidjan;46;8;394;5;0,121;2021;global
Nationalite;EUROPE;BIH;Bosnie-Herzegovine;9;8;999;12;0,017;2021;global
Nationalite;EUROPE;BLR;Bielorussie;36;7;174;21;0,198;2021;global
Nationalite;EUROPE;GEO;Georgie;93;73;2919;35;0,054;2021;global
Nationalite;EUROPE;MDA;Moldavie;4;10;2031;10;0,007;2021;global
Nationalite;EUROPE;MKD;Macedoine du Nord (Rep.);3;3;263;16;0,022;2021;global
Nationalite;EUROPE;RUS;Russie;450;71;2565;28;0,169;2021;global
Nationalite;EUROPE;SRB;Serbie;18;29;1092;27;0,041;2021;global
Nationalite;EUROPE;TUR;Turquie;843;38;5479;27;0,139;2021;global
Nationalite;EUROPE;UKR;Ukraine;63;57;3224;21;0,036;2021;global
Nationalite;EUROPE;XXK;Kosovo;55;66;1156;37;0,095;2021;global
Nationalite;AFRIQUE;AGO;Angola;97;58;870;4;0,151;2022;global
Nationalite;AFRIQUE;BDI;Burundi;216;9;253;4;0,471;2022;global
Nationalite;AFRIQUE;BEN;Benin;58;10;323;7;0,174;2022;global
Nationalite;AFRIQUE;BFA;Burkina Faso;112;26;353;4;0,281;2022;global
Nationalite;AFRIQUE;CAF;Centrafrique;571;50;245;1;0,717;2022;global
Nationalite;AFRIQUE;CIV;Cote d'Ivoire;1651;171;4856;49;0,273;2022;global
Nationalite;AFRIQUE;CMR;Cameroun;272;88;1355;14;0,21;2022;global
Nationalite;AFRIQUE;COD;Rep. Dem. Congo;1334;209;3984;10;0,279;2022;global
Nationalite;AFRIQUE;COG;Congo;128;35;1130;6;0,126;2022;global
Nationalite;AFRIQUE;COM;Comores;198;14;2282;11;0,085;2022;global
Nationalite;AFRIQUE;DJI;Djibouti;79;8;242;2;0,264;2022;global
Nationalite;AFRIQUE;DZA;Algerie;119;41;1242;24;0,114;2022;global
Nationalite;AFRIQUE;EGY;Egypte;51;4;535;3;0,093;2022;global
Nationalite;AFRIQUE;ERI;Erythree;1134;3;428;4;0,727;2022;global
Nationalite;AFRIQUE;ESH;Sahara occ. (origine);19;5;217;3;0,1;2022;global
Nationalite;AFRIQUE;ETH;Ethiopie;401;27;435;6;0,496;2022;global
Nationalite;AFRIQUE;GAB;Gabon;50;26;347;10;0,18;2022;global
Nationalite;AFRIQUE;GHA;Ghana;10;2;139;1;0,079;2022;global
Nationalite;AFRIQUE;GIN;Guinee;1727;119;3677;31;0,334;2022;global
Nationalite;AFRIQUE;GMB;Gambie;52;1;332;1;0,138;2022;global
Nationalite;AFRIQUE;GNB;Guinee-Bissau;25;2;125;0;0,178;2022;global
Nationalite;AFRIQUE;KEN;Kenya;11;0;40;0;0,216;2022;global
Nationalite;AFRIQUE;LBR;Liberia;16;1;77;0;0,181;2022;global
Nationalite;AFRIQUE;LBY;Libye;40;102;203;1;0,412;2022;global
Nationalite;AFRIQUE;MAR;Maroc;90;16;335;4;0,24;2022;global
Nationalite;AFRIQUE;MDG;Madagascar;31;33;760;8;0,078;2022;global
Nationalite;AFRIQUE;MLI;Mali;761;73;2225;15;0,273;2022;global
Nationalite;AFRIQUE;MRT;Mauritanie;362;14;1666;5;0,184;2022;global
Nationalite;AFRIQUE;MUS;Maurice;15;9;24;1;0,5;2022;global
Nationalite;AFRIQUE;NER;Niger;11;9;119;2;0,144;2022;global
Nationalite;AFRIQUE;NGA;Nigeria;401;46;4238;15;0,095;2022;global
Nationalite;AFRIQUE;RWA;Rwanda;156;4;222;3;0,419;2022;global
Nationalite;AFRIQUE;SDN;Soudan;517;417;1359;15;0,407;2022;global
Nationalite;AFRIQUE;SEN;Senegal;342;14;1250;7;0,222;2022;global
Nationalite;AFRIQUE;SLE;Sierra Leone;99;9;442;4;0,196;2022;global
Nationalite;AFRIQUE;SOM;Somalie;498;1120;2612;5;0,383;2022;global
Nationalite;AFRIQUE;SSD;Soudan du Sud;51;1;20;0;0,722;2022;global
Nationalite;AFRIQUE;TCD;Tchad;128;36;1430;12;0,103;2022;global
Nationalite;AFRIQUE;TGO;Togo;45;7;238;1;0,179;2022;global
Nationalite;AFRIQUE;TUN;Tunisie;35;4;346;6;0,101;2022;global
Nationalite;AFRIQUE;ZAF;Afrique du Sud;13;1;14;0;0,5;2022;global
Nationalite;AMERIQUES;BRA;Bresil;16;5;221;1;0,087;2022;global
Nationalite;AMERIQUES;COL;Colombie;138;167;1438;19;0,175;2022;global
Nationalite;AMERIQUES;CUB;Cuba;56;10;233;0;0,221;2022;global
Nationalite;AMERIQUES;DOM;Dominicaine (Rep.);28;35;286;3;0,181;2022;global
Nationalite;AMERIQUES;HTI;Haiti;298;350;2160;3;0,231;2022;global
Nationalite;AMERIQUES;NIC;Nicaragua;16;0;39;2;0,291;2022;global
Nationalite;AMERIQUES;PER;Perou;4;44;267;7;0,152;2022;global
Nationalite;AMERIQUES;SLV;Salvador;4;4;50;0;0,138;2022;global
Nationalite;AMERIQUES;VEN;Venezuela;280;62;536;3;0,39;2022;global
Nationalite;ASIE;AFG;Afghanistan;11610;73;5235;149;0,691;2022;global
Nationalite;ASIE;BGD;Bangladesh;351;116;7450;3;0,059;2022;global
Nationalite;ASIE;CHN;Chine;1159;0;53;2;0,956;2022;global
Nationalite;ASIE;IND;Inde;11;5;279;2;0,054;2022;global
Nationalite;ASIE;IRN;Iran;149;1;204;1;0,424;2022;global
Nationalite;ASIE;IRQ;Irak;161;62;285;10;0,439;2022;global
Nationalite;ASIE;KAZ;Kazakhstan;16;4;130;3;0,133;2022;global
Nationalite;ASIE;KGZ;Kirghizstan;3;2;23;0;0,179;2022;global
Nationalite;ASIE;KWT;Koweit;60;0;70;0;0,462;2022;global
Nationalite;ASIE;LBN;Liban;45;20;202;5;0,243;2022;global
Nationalite;ASIE;LKA;Sri Lanka;253;34;1444;2;0,166;2022;global
Nationalite;ASIE;MMR;Birmanie;20;0;12;1;0,625;2022;global
Nationalite;ASIE;MNG;Mongolie;10;9;61;0;0,238;2022;global
Nationalite;ASIE;NPL;Nepal;4;4;129;0;0,058;2022;global
Nationalite;ASIE;PAK;Pakistan;184;49;3159;17;0,069;2022;global
Nationalite;ASIE;PSE;Palestine (autorite);123;3;97;0;0,565;2022;global
Nationalite;ASIE;SYR;Syrie;1610;2116;423;8;0,898;2022;global
Nationalite;ASIE;TJK;Tadjikistan;14;3;63;1;0,213;2022;global
Nationalite;ASIE;YEM;Yemen;58;72;54;4;0,707;2022;global
Nationalite;EUROPE;ALB;Albanie;155;543;6502;129;0,097;2022;global
Nationalite;EUROPE;ARM;Armenie;25;73;1884;36;0,049;2022;global
Nationalite;EUROPE;AZE;Azerbaidjan;46;6;421;12;0,11;2022;global
Nationalite;EUROPE;BIH;Bosnie-Herzegovine;16;7;466;8;0,047;2022;global
Nationalite;EUROPE;BLR;Bielorussie;66;5;108;2;0,397;2022;global
Nationalite;EUROPE;GEO;Georgie;163;214;7261;129;0,049;2022;global
Nationalite;EUROPE;MDA;Moldavie;4;9;883;14;0,015;2022;global
Nationalite;EUROPE;MKD;Macedoine du Nord (Rep.);10;20;491;35;0,058;2022;global
Nationalite;EUROPE;RUS;Russie;501;43;1042;45;0,343;2022;global
Nationalite;EUROPE;SRB;Serbie;46;30;736;46;0,094;2022;global
Nationalite;EUROPE;TUR;Turquie;1160;42;6803;17;0,15;2022;global
Nationalite;EUROPE;UKR;Ukraine;86;592;146;448;0,823;2022;global
Nationalite;EUROPE;XXK;Kosovo;64;64;1070;15;0,107;2022;global
Nationalite;AFRIQUE;AGO;Angola;29;13;576;4;0,068;2020;femmes
Nationalite;AFRIQUE;BDI;Burundi;70;0;88;1;0,443;2020;femmes
Nationalite;AFRIQUE;BEN;Benin;8;5;20;1;0,394;2020;femmes
Nationalite;AFRIQUE;BFA;Burkina Faso;20;2;37;1;0,373;2020;femmes
Nationalite;AFRIQUE;CAF;Centrafrique;77;27;82;2;0,559;2020;femmes
Nationalite;AFRIQUE;CIV;Cote d'Ivoire;721;49;1619;21;0,322;2020;femmes
Nationalite;AFRIQUE;CMR;Cameroun;68;22;249;8;0,265;2020;femmes
Nationalite;AFRIQUE;COD;Rep. Dem. Congo;299;55;1148;11;0,236;2020;femmes
Nationalite;AFRIQUE;COG;Congo;38;23;271;9;0,184;2020;femmes
Nationalite;AFRIQUE;COM;Comores;30;4;237;10;0,125;2020;femmes
Nationalite;AFRIQUE;DJI;Djibouti;4;1;16;0;0,238;2020;femmes
Nationalite;AFRIQUE;DZA;Algerie;40;35;445;19;0,144;2020;femmes
Nationalite;AFRIQUE;EGY;Egypte;13;0;52;2;0,2;2020;femmes
Nationalite;AFRIQUE;ERI;Erythree;301;0;82;2;0,786;2020;femmes
Nationalite;AFRIQUE;ETH;Ethiopie;67;5;67;3;0,518;2020;femmes
Nationalite;AFRIQUE;GAB;Gabon;6;8;67;13;0,173;2020;femmes
Nationalite;AFRIQUE;GIN;Guinee;847;27;1425;12;0,38;2020;femmes
Nationalite;AFRIQUE;GMB;Gambie;11;0;16;0;0,407;2020;femmes
Nationalite;AFRIQUE;LBY;Libye;28;33;36;2;0,629;2020;femmes
Nationalite;AFRIQUE;MAR;Maroc;23;12;130;11;0,212;2020;femmes
Nationalite;AFRIQUE;MDG;Madagascar;3;3;26;3;0,188;2020;femmes
Nationalite;AFRIQUE;MLI;Mali;233;13;340;18;0,42;2020;femmes
Nationalite;AFRIQUE;MRT;Mauritanie;56;1;169;3;0,252;2020;femmes
Nationalite;AFRIQUE;NGA;Nigeria;55;7;1256;12;0,047;2020;femmes
Nationalite;AFRIQUE;RWA;Rwanda;67;1;60;2;0,531;2020;femmes
Nationalite;AFRIQUE;SDN;Soudan;207;10;124;3;0,636;2020;femmes
Nationalite;AFRIQUE;SEN;Senegal;117;6;336;3;0,268;2020;femmes
Nationalite;AFRIQUE;SLE;Sierra Leone;11;0;20;1;0,355;2020;femmes
Nationalite;AFRIQUE;SOM;Somalie;96;67;231;3;0,414;2020;femmes
Nationalite;AFRIQUE;SSD;Soudan du Sud;15;1;0;0;1;2020;femmes
Nationalite;AFRIQUE;TCD;Tchad;33;3;112;4;0,243;2020;femmes
Nationalite;AFRIQUE;TGO;Togo;5;1;23;0;0,207;2020;femmes
Nationalite;AFRIQUE;TUN;Tunisie;9;3;92;6;0,115;2020;femmes
Nationalite;AMERIQUES;COL;Colombie;9;11;121;8;0,142;2020;femmes
Nationalite;AMERIQUES;CUB;Cuba;8;1;98;1;0,084;2020;femmes
Nationalite;AMERIQUES;HND;Honduras;0;0;8;0;0;2020;femmes
Nationalite;AMERIQUES;HTI;Haiti;78;96;1237;26;0,123;2020;femmes
Nationalite;AMERIQUES;PER;Perou;1;6;24;0;0,226;2020;femmes
Nationalite;AMERIQUES;SLV;Salvador;2;2;8;0;0,333;2020;femmes
Nationalite;AMERIQUES;VEN;Venezuela;89;18;118;8;0,476;2020;femmes
Nationalite;ASIE;AFG;Afghanistan;136;440;159;14;0,784;2020;femmes
Nationalite;ASIE;BGD;Bangladesh;57;17;441;8;0,144;2020;femmes
Nationalite;ASIE;CHN;Chine;621;1;230;1;0,73;2020;femmes
Nationalite;ASIE;IND;Inde;5;0;40;3;0,111;2020;femmes
Nationalite;ASIE;IRN;Iran;38;1;77;3;0,336;2020;femmes
Nationalite;ASIE;IRQ;Irak;127;29;101;7;0,607;2020;femmes
Nationalite;ASIE;KAZ;Kazakhstan;2;2;120;6;0,032;2020;femmes
Nationalite;ASIE;KWT;Koweit;19;0;94;9;0,168;2020;femmes
Nationalite;ASIE;LBN;Liban;4;2;41;1;0,128;2020;femmes
Nationalite;ASIE;LKA;Sri Lanka;76;27;271;4;0,275;2020;femmes
Nationalite;ASIE;MNG;Mongolie;9;8;70;4;0,195;2020;femmes
Nationalite;ASIE;PAK;Pakistan;13;9;159;0;0,122;2020;femmes
Nationalite;ASIE;PSE;Palestine (autorite);58;5;18;0;0,778;2020;femmes
Nationalite;ASIE;SAU;Arabie saoudite;13;0;1;1;0,929;2020;femmes
Nationalite;ASIE;SYR;Syrie;299;808;285;18;0,795;2020;femmes
Nationalite;ASIE;YEM;Yemen;6;12;10;0;0,643;2020;femmes
Nationalite;EUROPE;ALB;Albanie;32;151;1748;68;0,095;2020;femmes
Nationalite;EUROPE;ARM;Armenie;13;35;859;5;0,053;2020;femmes
Nationalite;EUROPE;AZE;Azerbaidjan;24;1;191;5;0,116;2020;femmes
Nationalite;EUROPE;BIH;Bosnie-Herzegovine;5;3;377;21;0,021;2020;femmes
Nationalite;EUROPE;BLR;Bielorussie;4;0;18;4;0,182;2020;femmes
Nationalite;EUROPE;GEO;Georgie;34;53;1258;29;0,065;2020;femmes
Nationalite;EUROPE;MKD;Macedoine du Nord (Rep.);1;1;253;41;0,008;2020;femmes
Nationalite;EUROPE;RUS;Russie;159;37;879;33;0,182;2020;femmes
Nationalite;EUROPE;SRB;Serbie;14;10;587;48;0,039;2020;femmes
Nationalite;EUROPE;TUR;Turquie;122;10;291;8;0,312;2020;femmes
Nationalite;EUROPE;UKR;Ukraine;22;23;429;41;0,095;2020;femmes
Nationalite;EUROPE;XXK;Kosovo;28;37;526;23;0,11;2020;femmes
Nationalite;AFRIQUE;AGO;Angola;43;40;948;3;0,081;2021;femmes
Nationalite;AFRIQUE;BDI;Burundi;69;1;136;1;0,34;2021;femmes
Nationalite;AFRIQUE;BEN;Benin;5;3;33;4;0,195;2021;femmes
Nationalite;AFRIQUE;BFA;Burkina Faso;46;9;65;3;0,458;2021;femmes
Nationalite;AFRIQUE;CAF;Centrafrique;141;36;109;4;0,619;2021;femmes
Nationalite;AFRIQUE;CIV;Cote d'Ivoire;1486;82;2907;22;0,35;2021;femmes
Nationalite;AFRIQUE;CMR;Cameroun;65;40;244;9;0,301;2021;femmes
Nationalite;AFRIQUE;COD;Rep. Dem. Congo;622;114;2248;12;0,247;2021;femmes
Nationalite;AFRIQUE;COG;Congo;62;9;392;8;0,153;2021;femmes
Nationalite;AFRIQUE;COM;Comores;63;13;1315;7;0,055;2021;femmes
Nationalite;AFRIQUE;DJI;Djibouti;34;2;30;3;0,545;2021;femmes
Nationalite;AFRIQUE;DZA;Algerie;26;40;315;4;0,173;2021;femmes
Nationalite;AFRIQUE;EGY;Egypte;29;2;123;5;0,201;2021;femmes
Nationalite;AFRIQUE;ERI;Erythree;758;0;219;1;0,776;2021;femmes
Nationalite;AFRIQUE;ESH;Sahara occ. (origine);6;4;72;0;0,122;2021;femmes
Nationalite;AFRIQUE;ETH;Ethiopie;122;14;178;3;0,433;2021;femmes
Nationalite;AFRIQUE;GAB;Gabon;16;3;159;14;0,107;2021;femmes
Nationalite;AFRIQUE;GIN;Guinee;1782;45;1833;12;0,499;2021;femmes
Nationalite;AFRIQUE;GMB;Gambie;38;1;60;1;0,394;2021;femmes
Nationalite;AFRIQUE;GNB;Guinee-Bissau;15;3;37;0;0,327;2021;femmes
Nationalite;AFRIQUE;GNQ;Guinee equatoriale;4;6;3;0;0,769;2021;femmes
Nationalite;AFRIQUE;KEN;Kenya;6;2;13;0;0,381;2021;femmes
Nationalite;AFRIQUE;LBY;Libye;44;37;48;5;0,628;2021;femmes
Nationalite;AFRIQUE;MAR;Maroc;28;25;150;2;0,261;2021;femmes
Nationalite;AFRIQUE;MDG;Madagascar;10;7;145;1;0,105;2021;femmes
Nationalite;AFRIQUE;MLI;Mali;417;9;447;8;0,488;2021;femmes
Nationalite;AFRIQUE;MRT;Mauritanie;156;5;333;3;0,326;2021;femmes
Nationalite;AFRIQUE;NGA;Nigeria;154;15;3127;12;0,051;2021;femmes
Nationalite;AFRIQUE;RWA;Rwanda;74;2;110;2;0,409;2021;femmes
Nationalite;AFRIQUE;SDN;Soudan;272;14;192;9;0,598;2021;femmes
Nationalite;AFRIQUE;SEN;Senegal;193;15;434;9;0,324;2021;femmes
Nationalite;AFRIQUE;SLE;Sierra Leone;61;4;64;2;0,504;2021;femmes
Nationalite;AFRIQUE;SOM;Somalie;256;272;499;3;0,514;2021;femmes
Nationalite;AFRIQUE;SSD;Soudan du Sud;19;6;1;0;0,962;2021;femmes
Nationalite;AFRIQUE;TCD;Tchad;93;10;321;14;0,243;2021;femmes
Nationalite;AFRIQUE;TGO;Togo;9;0;31;1;0,225;2021;femmes
Nationalite;AFRIQUE;TUN;Tunisie;14;5;75;0;0,202;2021;femmes
Nationalite;AFRIQUE;TZA;Tanzanie;6;0;3;0;0,667;2021;femmes
Nationalite;AFRIQUE;UGA;Ouganda;10;0;14;0;0,417;2021;femmes
Nationalite;AFRIQUE;ZAF;Afrique du Sud;20;1;17;0;0,553;2021;femmes
Nationalite;AMERIQUES;COL;Colombie;26;38;352;1;0,154;2021;femmes
Nationalite;AMERIQUES;CUB;Cuba;19;1;95;1;0,174;2021;femmes
Nationalite;AMERIQUES;DOM;Dominicaine (Rep.);2;15;63;0;0,213;2021;femmes
Nationalite;AMERIQUES;HTI;Haiti;149;193;1433;4;0,193;2021;femmes
Nationalite;AMERIQUES;NIC;Nicaragua;7;0;12;1;0,368;2021;femmes
Nationalite;AMERIQUES;PER;Perou;4;16;77;1;0,206;2021;femmes
Nationalite;AMERIQUES;SLV;Salvador;1;5;4;0;0,6;2021;femmes
Nationalite;AMERIQUES;VEN;Venezuela;99;36;262;1;0,34;2021;femmes
Nationalite;ASIE;AFG;Afghanistan;1576;578;194;9;0,917;2021;femmes
Nationalite;ASIE;BGD;Bangladesh;57;21;502;2;0,134;2021;femmes
Nationalite;ASIE;CHN;Chine;281;2;61;3;0,823;2021;femmes
Nationalite;ASIE;IND;Inde;4;2;66;0;0,083;2021;femmes
Nationalite;ASIE;IRN;Iran;51;4;99;4;0,357;2021;femmes
Nationalite;ASIE;IRQ;Irak;134;51;139;4;0,571;2021;femmes
Nationalite;ASIE;KAZ;Kazakhstan;7;4;49;0;0,183;2021;femmes
Nationalite;ASIE;KGZ;Kirghizstan;4;6;46;0;0,179;2021;femmes
Nationalite;ASIE;KWT;Koweit;30;0;118;20;0,203;2021;femmes
Nationalite;ASIE;LBN;Liban;8;10;89;7;0,168;2021;femmes
Nationalite;ASIE;LKA;Sri Lanka;124;48;518;5;0,249;2021;femmes
Nationalite;ASIE;MNG;Mongolie;12;9;133;0;0,136;2021;femmes
Nationalite;ASIE;NPL;Nepal;3;3;32;0;0,158;2021;femmes
Nationalite;ASIE;PAK;Pakistan;31;20;202;1;0,202;2021;femmes
Nationalite;ASIE;PSE;Palestine (autorite);37;0;15;0;0,712;2021;femmes
Nationalite;ASIE;SYR;Syrie;472;874;302;4;0,817;2021;femmes
Nationalite;ASIE;TJK;Tadjikistan;2;0;16;0;0,111;2021;femmes
Nationalite;ASIE;YEM;Yemen;11;28;10;0;0,796;2021;femmes
Nationalite;EUROPE;ALB;Albanie;35;171;1340;36;0,133;2021;femmes
Nationalite;EUROPE;ARM;Armenie;7;16;518;2;0,043;2021;femmes
Nationalite;EUROPE;AZE;Azerbaidjan;25;6;164;2;0,159;2021;femmes
Nationalite;EUROPE;BIH;Bosnie-Herzegovine;5;5;468;5;0,021;2021;femmes
Nationalite;EUROPE;BLR;Bielorussie;18;3;89;10;0,191;2021;femmes
Nationalite;EUROPE;GEO;Georgie;46;48;1078;14;0,08;2021;femmes
Nationalite;EUROPE;MDA;Moldavie;3;8;858;3;0,013;2021;femmes
Nationalite;EUROPE;MKD;Macedoine du Nord (Rep.);0;2;127;5;0,016;2021;femmes
Nationalite;EUROPE;RUS;Russie;221;42;1201;14;0,18;2021;femmes
Nationalite;EUROPE;SRB;Serbie;9;20;547;13;0,05;2021;femmes
Nationalite;EUROPE;TUR;Turquie;246;22;580;7;0,316;2021;femmes
Nationalite;EUROPE;UKR;Ukraine;29;37;1468;12;0,043;2021;femmes
Nationalite;EUROPE;XXK;Kosovo;23;33;447;13;0,111;2021;femmes
Nationalite;AFRIQUE;AGO;Angola;46;30;438;2;0,148;2022;femmes
Nationalite;AFRIQUE;BDI;Burundi;101;4;102;2;0,507;2022;femmes
Nationalite;AFRIQUE;BEN;Benin;21;5;102;4;0,203;2022;femmes
Nationalite;AFRIQUE;BFA;Burkina Faso;83;10;138;3;0,403;2022;femmes
Nationalite;AFRIQUE;CAF;Centrafrique;292;25;81;1;0,796;2022;femmes
Nationalite;AFRIQUE;CIV;Cote d'Ivoire;1353;94;2810;40;0,34;2022;femmes
Nationalite;AFRIQUE;CMR;Cameroun;118;59;566;5;0,238;2022;femmes
Nationalite;AFRIQUE;COD;Rep. Dem. Congo;663;120;1985;5;0,283;2022;femmes
Nationalite;AFRIQUE;COG;Congo;57;20;513;4;0,131;2022;femmes
Nationalite;AFRIQUE;COM;Comores;86;5;734;1;0,11;2022;femmes
Nationalite;AFRIQUE;DJI;Djibouti;48;5;98;1;0,351;2022;femmes
Nationalite;AFRIQUE;DZA;Algerie;35;22;237;3;0,194;2022;femmes
Nationalite;AFRIQUE;EGY;Egypte;19;2;83;0;0,202;2022;femmes
Nationalite;AFRIQUE;ERI;Erythree;545;3;141;3;0,795;2022;femmes
Nationalite;AFRIQUE;ESH;Sahara occ. (origine);3;2;34;3;0,128;2022;femmes
Nationalite;AFRIQUE;ETH;Ethiopie;187;14;120;1;0,626;2022;femmes
Nationalite;AFRIQUE;GAB;Gabon;27;22;218;6;0,184;2022;femmes
Nationalite;AFRIQUE;GHA;Ghana;8;1;37;0;0,196;2022;femmes
Nationalite;AFRIQUE;GIN;Guinee;1342;41;1463;23;0,486;2022;femmes
Nationalite;AFRIQUE;GMB;Gambie;40;0;53;0;0,43;2022;femmes
Nationalite;AFRIQUE;GNB;Guinee-Bissau;22;0;45;0;0,328;2022;femmes
Nationalite;AFRIQUE;KEN;Kenya;8;0;22;0;0,267;2022;femmes
Nationalite;AFRIQUE;LBR;Liberia;12;1;22;0;0,371;2022;femmes
Nationalite;AFRIQUE;LBY;Libye;10;50;39;0;0,606;2022;femmes
Nationalite;AFRIQUE;MAR;Maroc;30;12;74;0;0,362;2022;femmes
Nationalite;AFRIQUE;MDG;Madagascar;15;21;457;5;0,073;2022;femmes
Nationalite;AFRIQUE;MLI;Mali;654;21;651;12;0,509;2022;femmes
Nationalite;AFRIQUE;MRT;Mauritanie;171;7;370;1;0,325;2022;femmes
Nationalite;AFRIQUE;MUS;Maurice;2;6;11;1;0,421;2022;femmes
Nationalite;AFRIQUE;NER;Niger;6;1;32;0;0,179;2022;femmes
Nationalite;AFRIQUE;NGA;Nigeria;204;27;1975;10;0,105;2022;femmes
Nationalite;AFRIQUE;RWA;Rwanda;78;1;97;2;0,449;2022;femmes
Nationalite;AFRIQUE;SDN;Soudan;222;59;177;1;0,614;2022;femmes
Nationalite;AFRIQUE;SEN;Senegal;248;3;447;4;0,36;2022;femmes
Nationalite;AFRIQUE;SLE;Sierra Leone;60;1;130;1;0,319;2022;femmes
Nationalite;AFRIQUE;SOM;Somalie;283;420;705;2;0,499;2022;femmes
Nationalite;AFRIQUE;SSD;Soudan du Sud;11;0;4;0;0,733;2022;femmes
Nationalite;AFRIQUE;TCD;Tchad;78;14;370;2;0,199;2022;femmes
Nationalite;AFRIQUE;TGO;Togo;12;5;72;1;0,191;2022;femmes
Nationalite;AFRIQUE;TUN;Tunisie;4;1;84;0;0,056;2022;femmes
Nationalite;AFRIQUE;ZAF;Afrique du Sud;3;1;9;0;0,308;2022;femmes
Nationalite;AMERIQUES;BRA;Bresil;5;4;113;0;0,074;2022;femmes
Nationalite;AMERIQUES;COL;Colombie;66;92;659;8;0,193;2022;femmes
Nationalite;AMERIQUES;CUB;Cuba;19;5;100;0;0,194;2022;femmes
Nationalite;AMERIQUES;DOM;Dominicaine (Rep.);10;25;192;0;0,154;2022;femmes
Nationalite;AMERIQUES;HTI;Haiti;128;182;865;1;0,264;2022;femmes
Nationalite;AMERIQUES;NIC;Nicaragua;10;0;21;0;0,323;2022;femmes
Nationalite;AMERIQUES;PER;Perou;1;24;117;4;0,176;2022;femmes
Nationalite;AMERIQUES;SLV;Salvador;3;2;24;0;0,172;2022;femmes
Nationalite;AMERIQUES;VEN;Venezuela;143;43;294;1;0,388;2022;femmes
Nationalite;ASIE;AFG;Afghanistan;3279;19;121;42;0,965;2022;femmes
Nationalite;ASIE;BGD;Bangladesh;54;29;427;1;0,163;2022;femmes
Nationalite;ASIE;CHN;Chine;539;0;27;2;0,952;2022;femmes
Nationalite;ASIE;IND;Inde;4;3;41;0;0,146;2022;femmes
Nationalite;ASIE;IRN;Iran;64;0;65;1;0,496;2022;femmes
Nationalite;ASIE;IRQ;Irak;77;23;74;6;0,575;2022;femmes
Nationalite;ASIE;KAZ;Kazakhstan;6;4;49;2;0,169;2022;femmes
Nationalite;ASIE;KGZ;Kirghizstan;1;1;10;0;0,167;2022;femmes
Nationalite;ASIE;KWT;Koweit;29;0;30;0;0,492;2022;femmes
Nationalite;ASIE;LBN;Liban;14;14;95;3;0,228;2022;femmes
Nationalite;ASIE;LKA;Sri Lanka;93;24;310;1;0,274;2022;femmes
Nationalite;ASIE;MMR;Birmanie;11;0;3;1;0,786;2022;femmes
Nationalite;ASIE;MNG;Mongolie;5;4;27;0;0,25;2022;femmes
Nationalite;ASIE;NPL;Nepal;2;3;37;0;0,119;2022;femmes
Nationalite;ASIE;PAK;Pakistan;43;10;165;1;0,243;2022;femmes
Nationalite;ASIE;PSE;Palestine (autorite);47;0;33;0;0,588;2022;femmes
Nationalite;ASIE;SYR;Syrie;641;1046;187;3;0,9;2022;femmes
Nationalite;ASIE;TJK;Tadjikistan;8;2;24;0;0,294;2022;femmes
Nationalite;ASIE;YEM;Yemen;18;20;10;1;0,792;2022;femmes
Nationalite;EUROPE;ALB;Albanie;73;329;3008;59;0,118;2022;femmes
Nationalite;EUROPE;ARM;Armenie;10;39;895;21;0,052;2022;femmes
Nationalite;EUROPE;AZE;Azerbaidjan;23;2;167;5;0,13;2022;femmes
Nationalite;EUROPE;BIH;Bosnie-Herzegovine;5;3;214;5;0,036;2022;femmes
Nationalite;EUROPE;BLR;Bielorussie;30;2;51;1;0,386;2022;femmes
Nationalite;EUROPE;GEO;Georgie;83;147;2875;52;0,074;2022;femmes
Nationalite;EUROPE;MDA;Moldavie;1;4;400;7;0,012;2022;femmes
Nationalite;EUROPE;MKD;Macedoine du Nord (Rep.);5;12;239;17;0,066;2022;femmes
Nationalite;EUROPE;RUS;Russie;255;23;512;18;0,352;2022;femmes
Nationalite;EUROPE;SRB;Serbie;21;20;354;21;0,104;2022;femmes
Nationalite;EUROPE;TUR;Turquie;208;22;527;2;0,304;2022;femmes
Nationalite;EUROPE;UKR;Ukraine;43;350;60;237;0,868;2022;femmes
Nationalite;EUROPE;XXK;Kosovo;21;42;426;4;0,129;2022;femmes
Nationalite;AFRIQUE;AGO;Angola;35;9;517;4;0,078431373;2020;hommes
Nationalite;AFRIQUE;BDI;Burundi;119;1;145;0;0,452830189;2020;hommes
Nationalite;AFRIQUE;BEN;Benin;11;3;56;2;0,2;2020;hommes
Nationalite;AFRIQUE;BFA;Burkina Faso;18;2;90;3;0,181818182;2020;hommes
Nationalite;AFRIQUE;CAF;Centrafrique;74;13;154;6;0,360995851;2020;hommes
Nationalite;AFRIQUE;CIV;Cote d'Ivoire;211;90;2146;30;0,123007765;2020;hommes
Nationalite;AFRIQUE;CMR;Cameroun;108;25;450;12;0,22813036;2020;hommes
Nationalite;AFRIQUE;COD;Rep. Dem. Congo;336;27;1143;10;0,241035857;2020;hommes
Nationalite;AFRIQUE;COG;Congo;47;6;329;6;0,138743455;2020;hommes
Nationalite;AFRIQUE;COM;Comores;59;5;709;32;0,082794308;2020;hommes
Nationalite;AFRIQUE;DJI;Djibouti;2;0;20;1;0,090909091;2020;hommes
Nationalite;AFRIQUE;DZA;Algerie;61;12;1391;83;0,049863388;2020;hommes
Nationalite;AFRIQUE;EGY;Egypte;15;2;169;10;0,091397849;2020;hommes
Nationalite;AFRIQUE;ERI;Erythree;553;1;181;6;0,753741497;2020;hommes
Nationalite;AFRIQUE;ETH;Ethiopie;76;1;168;3;0,314285714;2020;hommes
Nationalite;AFRIQUE;GAB;Gabon;10;4;54;5;0,205882353;2020;hommes
Nationalite;AFRIQUE;GIN;Guinee;448;84;3173;13;0,143589744;2020;hommes
Nationalite;AFRIQUE;GMB;Gambie;13;3;139;2;0,103225806;2020;hommes
Nationalite;AFRIQUE;LBY;Libye;36;43;136;5;0,36744186;2020;hommes
Nationalite;AFRIQUE;MAR;Maroc;63;7;310;17;0,184210526;2020;hommes
Nationalite;AFRIQUE;MDG;Madagascar;2;2;36;5;0,1;2020;hommes
Nationalite;AFRIQUE;MLI;Mali;76;46;1538;37;0,073493976;2020;hommes
Nationalite;AFRIQUE;MRT;Mauritanie;105;0;769;15;0,1201373;2020;hommes
Nationalite;AFRIQUE;NGA;Nigeria;51;5;1558;18;0,034696406;2020;hommes
Nationalite;AFRIQUE;RWA;Rwanda;52;0;75;3;0,409448819;2020;hommes
Nationalite;AFRIQUE;SDN;Soudan;737;50;613;17;0,562142857;2020;hommes
Nationalite;AFRIQUE;SEN;Senegal;95;12;1117;15;0,087418301;2020;hommes
Nationalite;AFRIQUE;SLE;Sierra Leone;19;0;93;1;0,169642857;2020;hommes
Nationalite;AFRIQUE;SOM;Somalie;107;181;849;9;0,253298153;2020;hommes
Nationalite;AFRIQUE;SSD;Soudan du Sud;29;3;9;0;0,780487805;2020;hommes
Nationalite;AFRIQUE;TCD;Tchad;36;8;252;10;0,148648649;2020;hommes
Nationalite;AFRIQUE;TGO;Togo;18;0;63;2;0,222222222;2020;hommes
Nationalite;AFRIQUE;TUN;Tunisie;16;2;216;9;0,076923077;2020;hommes
Nationalite;AMERIQUES;COL;Colombie;13;11;141;15;0,145454545;2020;hommes
Nationalite;AMERIQUES;CUB;Cuba;22;0;139;0;0,136645963;2020;hommes
Nationalite;AMERIQUES;HND;Honduras;1;1;8;0;0,2;2020;hommes
Nationalite;AMERIQUES;HTI;Haiti;99;60;1712;35;0,084981293;2020;hommes
Nationalite;AMERIQUES;PER;Perou;2;2;25;1;0,137931034;2020;hommes
Nationalite;AMERIQUES;SLV;Salvador;0;0;7;1;0;2020;hommes
Nationalite;AMERIQUES;VEN;Venezuela;97;15;137;10;0,449799197;2020;hommes
Nationalite;ASIE;AFG;Afghanistan;390;3846;2473;79;0,631390669;2020;hommes
Nationalite;ASIE;BGD;Bangladesh;167;33;4165;35;0,045819015;2020;hommes
Nationalite;ASIE;CHN;Chine;880;2;269;1;0,766290182;2020;hommes
Nationalite;ASIE;IND;Inde;3;1;227;4;0,017316017;2020;hommes
Nationalite;ASIE;IRN;Iran;52;0;134;3;0,279569892;2020;hommes
Nationalite;ASIE;IRQ;Irak;130;35;306;21;0,350318471;2020;hommes
Nationalite;ASIE;KAZ;Kazakhstan;7;3;236;7;0,040650407;2020;hommes
Nationalite;ASIE;KWT;Koweit;22;0;127;5;0,147651007;2020;hommes
Nationalite;ASIE;LBN;Liban;6;0;63;2;0,086956522;2020;hommes
Nationalite;ASIE;LKA;Sri Lanka;104;9;1067;16;0,095762712;2020;hommes
Nationalite;ASIE;MNG;Mongolie;2;4;55;4;0,098360656;2020;hommes
Nationalite;ASIE;PAK;Pakistan;60;17;2583;44;0,028947368;2020;hommes
Nationalite;ASIE;PSE;Palestine (autorite);63;1;40;2;0,615384615;2020;hommes
Nationalite;ASIE;SAU;Arabie saoudite;1;0;7;1;0,125;2020;hommes
Nationalite;ASIE;SYR;Syrie;431;878;384;26;0,773183698;2020;hommes
Nationalite;ASIE;YEM;Yemen;25;18;53;0;0,447916667;2020;hommes
Nationalite;EUROPE;ALB;Albanie;33;88;2099;123;0,054504505;2020;hommes
Nationalite;EUROPE;ARM;Armenie;23;25;907;11;0,05026178;2020;hommes
Nationalite;EUROPE;AZE;Azerbaidjan;19;0;261;5;0,067857143;2020;hommes
Nationalite;EUROPE;BIH;Bosnie-Herzegovine;7;3;398;30;0,024509804;2020;hommes
Nationalite;EUROPE;BLR;Bielorussie;4;0;25;2;0,137931034;2020;hommes
Nationalite;EUROPE;GEO;Georgie;24;29;1848;47;0,027880063;2020;hommes
Nationalite;EUROPE;MKD;Macedoine du Nord (Rep.);0;0;283;45;0;2020;hommes
Nationalite;EUROPE;RUS;Russie;155;32;991;37;0,158743633;2020;hommes
Nationalite;EUROPE;SRB;Serbie;14;6;598;59;0,03236246;2020;hommes
Nationalite;EUROPE;TUR;Turquie;254;4;1851;25;0,122332859;2020;hommes
Nationalite;EUROPE;UKR;Ukraine;18;16;564;31;0,056856187;2020;hommes
Nationalite;EUROPE;XXK;Kosovo;25;32;800;41;0,066511085;2020;hommes
Nationalite;AFRIQUE;AGO;Angola;47;26;727;1;0,09125;2021;hommes
Nationalite;AFRIQUE;BDI;Burundi;100;2;212;3;0,324840764;2021;hommes
Nationalite;AFRIQUE;BEN;Benin;8;3;67;2;0,141025641;2021;hommes
Nationalite;AFRIQUE;BFA;Burkina Faso;6;7;146;3;0,081761006;2021;hommes
Nationalite;AFRIQUE;CAF;Centrafrique;143;17;195;4;0,450704225;2021;hommes
Nationalite;AFRIQUE;CIV;Cote d'Ivoire;276;76;3041;26;0,103743;2021;hommes
Nationalite;AFRIQUE;CMR;Cameroun;77;21;461;16;0,175313059;2021;hommes
Nationalite;AFRIQUE;COD;Rep. Dem. Congo;606;67;2225;4;0,232229124;2021;hommes
Nationalite;AFRIQUE;COG;Congo;66;8;370;9;0,166666667;2021;hommes
Nationalite;AFRIQUE;COM;Comores;106;17;2558;14;0,045878404;2021;hommes
Nationalite;AFRIQUE;DJI;Djibouti;13;3;55;6;0,225352113;2021;hommes
Nationalite;AFRIQUE;DZA;Algerie;55;19;1535;15;0,045991299;2021;hommes
Nationalite;AFRIQUE;EGY;Egypte;45;5;460;6;0,098039216;2021;hommes
Nationalite;AFRIQUE;ERI;Erythree;1022;2;544;4;0,653061224;2021;hommes
Nationalite;AFRIQUE;ESH;Sahara occ. (origine);30;1;420;1;0,068736142;2021;hommes
Nationalite;AFRIQUE;ETH;Ethiopie;157;8;503;9;0,247005988;2021;hommes
Nationalite;AFRIQUE;GAB;Gabon;12;4;113;10;0,124031008;2021;hommes
Nationalite;AFRIQUE;GIN;Guinee;407;99;3990;13;0,112544484;2021;hommes
Nationalite;AFRIQUE;GMB;Gambie;15;11;424;5;0,057777778;2021;hommes
Nationalite;AFRIQUE;GNB;Guinee-Bissau;2;2;63;0;0,059701493;2021;hommes
Nationalite;AFRIQUE;GNQ;Guinee equatoriale;2;2;4;0;0,5;2021;hommes
Nationalite;AFRIQUE;KEN;Kenya;2;2;11;1;0,266666667;2021;hommes
Nationalite;AFRIQUE;LBY;Libye;60;49;177;5;0,381118881;2021;hommes
Nationalite;AFRIQUE;MAR;Maroc;83;8;411;9;0,1812749;2021;hommes
Nationalite;AFRIQUE;MDG;Madagascar;7;3;157;1;0,05988024;2021;hommes
Nationalite;AFRIQUE;MLI;Mali;61;48;1823;18;0,056418219;2021;hommes
Nationalite;AFRIQUE;MRT;Mauritanie;170;6;1292;4;0,119891008;2021;hommes
Nationalite;AFRIQUE;NGA;Nigeria;105;7;3743;19;0,029053178;2021;hommes
Nationalite;AFRIQUE;RWA;Rwanda;63;0;122;2;0,340540541;2021;hommes
Nationalite;AFRIQUE;SDN;Soudan;696;141;1207;25;0,409491194;2021;hommes
Nationalite;AFRIQUE;SEN;Senegal;52;7;1255;10;0,044901065;2021;hommes
Nationalite;AFRIQUE;SLE;Sierra Leone;28;9;204;1;0,153526971;2021;hommes
Nationalite;AFRIQUE;SOM;Somalie;193;534;2083;7;0,258718861;2021;hommes
Nationalite;AFRIQUE;SSD;Soudan du Sud;22;3;10;0;0,714285714;2021;hommes
Nationalite;AFRIQUE;TCD;Tchad;69;9;941;17;0,076545633;2021;hommes
Nationalite;AFRIQUE;TGO;Togo;10;3;98;3;0,117117117;2021;hommes
Nationalite;AFRIQUE;TUN;Tunisie;17;3;251;2;0,073800738;2021;hommes
Nationalite;AFRIQUE;TZA;Tanzanie;4;0;12;0;0,25;2021;hommes
Nationalite;AFRIQUE;UGA;Ouganda;6;0;15;1;0,285714286;2021;hommes
Nationalite;AFRIQUE;ZAF;Afrique du Sud;26;0;9;0;0,742857143;2021;hommes
Nationalite;AMERIQUES;COL;Colombie;25;26;383;2;0,117511521;2021;hommes
Nationalite;AMERIQUES;CUB;Cuba;25;0;101;0;0,198412698;2021;hommes
Nationalite;AMERIQUES;DOM;Dominicaine (Rep.);5;1;42;0;0,125;2021;hommes
Nationalite;AMERIQUES;HTI;Haiti;201;165;2161;2;0,144835774;2021;hommes
Nationalite;AMERIQUES;NIC;Nicaragua;10;0;24;1;0,294117647;2021;hommes
Nationalite;AMERIQUES;PER;Perou;9;4;74;1;0,149425287;2021;hommes
Nationalite;AMERIQUES;SLV;Salvador;3;1;9;0;0,307692308;2021;hommes
Nationalite;AMERIQUES;VEN;Venezuela;92;22;248;7;0,314917127;2021;hommes
Nationalite;ASIE;AFG;Afghanistan;3035;7047;3914;64;0,720348671;2021;hommes
Nationalite;ASIE;BGD;Bangladesh;267;79;7305;5;0,045222847;2021;hommes
Nationalite;ASIE;CHN;Chine;342;0;57;1;0,857142857;2021;hommes
Nationalite;ASIE;IND;Inde;3;2;322;6;0,01529052;2021;hommes
Nationalite;ASIE;IRN;Iran;87;2;197;6;0,311188811;2021;hommes
Nationalite;ASIE;IRQ;Irak;145;82;443;7;0,33880597;2021;hommes
Nationalite;ASIE;KAZ;Kazakhstan;10;2;77;1;0,134831461;2021;hommes
Nationalite;ASIE;KGZ;Kirghizstan;1;1;46;0;0,041666667;2021;hommes
Nationalite;ASIE;KWT;Koweit;28;0;164;24;0,145833333;2021;hommes
Nationalite;ASIE;LBN;Liban;20;7;94;9;0,223140496;2021;hommes
Nationalite;ASIE;LKA;Sri Lanka;161;4;2039;4;0,074863884;2021;hommes
Nationalite;ASIE;MNG;Mongolie;6;3;109;0;0,076271186;2021;hommes
Nationalite;ASIE;NPL;Nepal;3;0;77;1;0,0375;2021;hommes
Nationalite;ASIE;PAK;Pakistan;140;35;4168;19;0,040294727;2021;hommes
Nationalite;ASIE;PSE;Palestine (autorite);39;3;67;1;0,385321101;2021;hommes
Nationalite;ASIE;SYR;Syrie;616;990;395;7;0,802598701;2021;hommes
Nationalite;ASIE;TJK;Tadjikistan;4;0;41;0;0,088888889;2021;hommes
Nationalite;ASIE;YEM;Yemen;39;73;85;0;0,568527919;2021;hommes
Nationalite;EUROPE;ALB;Albanie;39;117;1801;45;0,079713848;2021;hommes
Nationalite;EUROPE;ARM;Armenie;9;8;582;4;0,028380634;2021;hommes
Nationalite;EUROPE;AZE;Azerbaidjan;21;2;230;3;0,090909091;2021;hommes
Nationalite;EUROPE;BIH;Bosnie-Herzegovine;4;3;531;7;0,013011152;2021;hommes
Nationalite;EUROPE;BLR;Bielorussie;18;4;85;11;0,205607477;2021;hommes
Nationalite;EUROPE;GEO;Georgie;47;25;1841;21;0,037637219;2021;hommes
Nationalite;EUROPE;MDA;Moldavie;1;2;1173;7;0,00255102;2021;hommes
Nationalite;EUROPE;MKD;Macedoine du Nord (Rep.);3;1;136;11;0,028571429;2021;hommes
Nationalite;EUROPE;RUS;Russie;229;29;1364;14;0,159062885;2021;hommes
Nationalite;EUROPE;SRB;Serbie;9;9;545;14;0,031971581;2021;hommes
Nationalite;EUROPE;TUR;Turquie;597;16;4899;20;0,111211901;2021;hommes
Nationalite;EUROPE;UKR;Ukraine;34;20;1756;9;0,029834254;2021;hommes
Nationalite;EUROPE;XXK;Kosovo;32;33;709;24;0,083979328;2021;hommes
Nationalite;AFRIQUE;AGO;Angola;51;28;432;2;0,154598826;2022;hommes
Nationalite;AFRIQUE;BDI;Burundi;115;5;151;2;0,442804428;2022;hommes
Nationalite;AFRIQUE;BEN;Benin;37;5;221;3;0,159695817;2022;hommes
Nationalite;AFRIQUE;BFA;Burkina Faso;29;16;215;1;0,173076923;2022;hommes
Nationalite;AFRIQUE;CAF;Centrafrique;279;25;164;0;0,64957265;2022;hommes
Nationalite;AFRIQUE;CIV;Cote d'Ivoire;298;77;2046;9;0,154894672;2022;hommes
Nationalite;AFRIQUE;CMR;Cameroun;154;29;789;9;0,188271605;2022;hommes
Nationalite;AFRIQUE;COD;Rep. Dem. Congo;671;89;1999;5;0,275462124;2022;hommes
Nationalite;AFRIQUE;COG;Congo;71;15;617;2;0,122332859;2022;hommes
Nationalite;AFRIQUE;COM;Comores;112;9;1548;10;0,072498502;2022;hommes
Nationalite;AFRIQUE;DJI;Djibouti;31;3;144;1;0,191011236;2022;hommes
Nationalite;AFRIQUE;DZA;Algerie;84;19;1005;21;0,092960289;2022;hommes
Nationalite;AFRIQUE;EGY;Egypte;32;2;452;3;0,069958848;2022;hommes
Nationalite;AFRIQUE;ERI;Erythree;589;0;287;1;0,672374429;2022;hommes
Nationalite;AFRIQUE;ESH;Sahara occ. (origine);16;3;183;0;0,094059406;2022;hommes
Nationalite;AFRIQUE;ETH;Ethiopie;214;13;315;5;0,418819188;2022;hommes
Nationalite;AFRIQUE;GAB;Gabon;23;4;129;4;0,173076923;2022;hommes
Nationalite;AFRIQUE;GHA;Ghana;2;1;102;1;0,028571429;2022;hommes
Nationalite;AFRIQUE;GIN;Guinee;385;78;2214;8;0,1729548;2022;hommes
Nationalite;AFRIQUE;GMB;Gambie;12;1;279;1;0,044520548;2022;hommes
Nationalite;AFRIQUE;GNB;Guinee-Bissau;3;2;80;0;0,058823529;2022;hommes
Nationalite;AFRIQUE;KEN;Kenya;3;0;18;0;0,142857143;2022;hommes
Nationalite;AFRIQUE;LBR;Liberia;4;0;55;0;0,06779661;2022;hommes
Nationalite;AFRIQUE;LBY;Libye;30;52;164;1;0,333333333;2022;hommes
Nationalite;AFRIQUE;MAR;Maroc;60;4;261;4;0,196923077;2022;hommes
Nationalite;AFRIQUE;MDG;Madagascar;16;12;303;3;0,084592145;2022;hommes
Nationalite;AFRIQUE;MLI;Mali;107;52;1574;3;0,091748413;2022;hommes
Nationalite;AFRIQUE;MRT;Mauritanie;191;7;1296;4;0,13253012;2022;hommes
Nationalite;AFRIQUE;MUS;Maurice;13;3;13;0;0,551724138;2022;hommes
Nationalite;AFRIQUE;NER;Niger;5;8;87;2;0,13;2022;hommes
Nationalite;AFRIQUE;NGA;Nigeria;197;19;2263;5;0,087131908;2022;hommes
Nationalite;AFRIQUE;RWA;Rwanda;78;3;125;1;0,393203883;2022;hommes
Nationalite;AFRIQUE;SDN;Soudan;295;358;1182;14;0,355858311;2022;hommes
Nationalite;AFRIQUE;SEN;Senegal;94;11;803;3;0,115638767;2022;hommes
Nationalite;AFRIQUE;SLE;Sierra Leone;39;8;312;3;0,13091922;2022;hommes
Nationalite;AFRIQUE;SOM;Somalie;215;700;1907;3;0,324238129;2022;hommes
Nationalite;AFRIQUE;SSD;Soudan du Sud;40;1;16;0;0,719298246;2022;hommes
Nationalite;AFRIQUE;TCD;Tchad;50;22;1060;10;0,06360424;2022;hommes
Nationalite;AFRIQUE;TGO;Togo;33;2;166;0;0,174129353;2022;hommes
Nationalite;AFRIQUE;TUN;Tunisie;31;3;262;6;0,114864865;2022;hommes
Nationalite;AFRIQUE;ZAF;Afrique du Sud;10;0;5;0;0,666666667;2022;hommes
Nationalite;AMERIQUES;BRA;Bresil;11;1;108;1;0,1;2022;hommes
Nationalite;AMERIQUES;COL;Colombie;72;75;779;11;0,1587473;2022;hommes
Nationalite;AMERIQUES;CUB;Cuba;37;5;133;0;0,24;2022;hommes
Nationalite;AMERIQUES;DOM;Dominicaine (Rep.);18;10;94;3;0,229508197;2022;hommes
Nationalite;AMERIQUES;HTI;Haiti;170;168;1295;2;0,206981017;2022;hommes
Nationalite;AMERIQUES;NIC;Nicaragua;6;0;18;2;0,25;2022;hommes
Nationalite;AMERIQUES;PER;Perou;3;20;150;3;0,132947977;2022;hommes
Nationalite;AMERIQUES;SLV;Salvador;1;2;26;0;0,103448276;2022;hommes
Nationalite;AMERIQUES;VEN;Venezuela;137;19;242;2;0,391959799;2022;hommes
Nationalite;ASIE;AFG;Afghanistan;8331;54;5114;107;0,621157123;2022;hommes
Nationalite;ASIE;BGD;Bangladesh;297;87;7023;2;0,051842851;2022;hommes
Nationalite;ASIE;CHN;Chine;620;0;26;0;0,959752322;2022;hommes
Nationalite;ASIE;IND;Inde;7;2;238;2;0,036437247;2022;hommes
Nationalite;ASIE;IRN;Iran;85;1;139;0;0,382222222;2022;hommes
Nationalite;ASIE;IRQ;Irak;84;39;211;4;0,368263473;2022;hommes
Nationalite;ASIE;KAZ;Kazakhstan;10;0;81;1;0,10989011;2022;hommes
Nationalite;ASIE;KGZ;Kirghizstan;2;1;13;0;0,1875;2022;hommes
Nationalite;ASIE;KWT;Koweit;31;0;40;0;0,436619718;2022;hommes
Nationalite;ASIE;LBN;Liban;31;6;107;2;0,256944444;2022;hommes
Nationalite;ASIE;LKA;Sri Lanka;160;10;1134;1;0,130368098;2022;hommes
Nationalite;ASIE;MMR;Birmanie;9;0;9;0;0,5;2022;hommes
Nationalite;ASIE;MNG;Mongolie;5;5;34;0;0,227272727;2022;hommes
Nationalite;ASIE;NPL;Nepal;2;1;92;0;0,031578947;2022;hommes
Nationalite;ASIE;PAK;Pakistan;141;39;2994;16;0,056710775;2022;hommes
Nationalite;ASIE;PSE;Palestine (autorite);76;3;64;0;0,552447552;2022;hommes
Nationalite;ASIE;SYR;Syrie;969;1070;236;5;0,896263736;2022;hommes
Nationalite;ASIE;TJK;Tadjikistan;6;1;39;1;0,152173913;2022;hommes
Nationalite;ASIE;YEM;Yemen;40;52;44;3;0,676470588;2022;hommes
Nationalite;EUROPE;ALB;Albanie;82;214;3494;70;0,078100264;2022;hommes
Nationalite;EUROPE;ARM;Armenie;15;34;989;15;0,047206166;2022;hommes
Nationalite;EUROPE;AZE;Azerbaidjan;23;4;254;7;0,096085409;2022;hommes
Nationalite;EUROPE;BIH;Bosnie-Herzegovine;11;4;252;3;0,056179775;2022;hommes
Nationalite;EUROPE;BLR;Bielorussie;36;3;57;1;0,40625;2022;hommes
Nationalite;EUROPE;GEO;Georgie;80;67;4386;77;0,032428855;2022;hommes
Nationalite;EUROPE;MDA;Moldavie;3;5;483;7;0,016293279;2022;hommes
Nationalite;EUROPE;MKD;Macedoine du Nord (Rep.);5;8;252;18;0,049056604;2022;hommes
Nationalite;EUROPE;RUS;Russie;246;20;530;27;0,334170854;2022;hommes
Nationalite;EUROPE;SRB;Serbie;25;10;382;25;0,083932854;2022;hommes
Nationalite;EUROPE;TUR;Turquie;952;20;6276;15;0,13410596;2022;hommes
Nationalite;EUROPE;UKR;Ukraine;43;242;86;211;0,76819407;2022;hommes
Nationalite;EUROPE;XXK;Kosovo;43;22;644;11;0,09167842;2022;hommes